{
  "processed_voices": [],
  "analysis_results": [
    {
      "duration": 131.7950113378685,
      "sample_rate": 22050,
      "rms_mean": 0.01385230291634798,
      "rms_std": 0.014362024143338203,
      "pitch_mean": 769.0036010742188,
      "spectral_centroid_mean": 1249.8921160695447,
      "zero_crossing_rate_mean": 0.05150816623722692,
      "snr_estimate": 0.9645084142684937,
      "suitable_for_rvc": 